<?xml version="1.0" encoding="UTF-8"?>
<project-private xmlns="http://www.netbeans.org/ns/project-private/1">
    <editor-bookmarks xmlns="http://www.netbeans.org/ns/editor-bookmarks/2" lastBookmarkId="0"/>
    <open-files xmlns="http://www.netbeans.org/ns/projectui-open-files/2">
        <group>
            <file>file:/C:/Users/Pichau/Downloads/DesafioProf/DesafioProf/src/view/Teladelogin.java</file>
            <file>file:/C:/Users/Pichau/Downloads/DesafioProf/DesafioProf/src/view/TelaInicial.java</file>
            <file>file:/C:/Users/Pichau/Downloads/DesafioProf/DesafioProf/src/view/cancelamento.java</file>
            <file>file:/C:/Users/Pichau/Downloads/DesafioProf/DesafioProf/src/view/TelaEdiçao.java</file>
            <file>file:/C:/Users/Pichau/Downloads/DesafioProf/DesafioProf/src/view/confirmarCancelamento.java</file>
            <file>file:/C:/Users/Pichau/Downloads/DesafioProf/DesafioProf/src/view/Perfil.java</file>
        </group>
    </open-files>
</project-private>
